"Field","ID","Type (Type)","default","en-us","ar-sa","bg-bg","zh-cn","zh-tw","hr-hr","cs-cz","da-dk","nl-nl","fi-fi","fr-fr","de-de","el-gr","he-il","hu-hu","id-id","it-it","ja-jp","ko-kr","lv-lv","lt-lt","ms-my","nb-no","fa-ir","pl-pl","pt-br","pt-pt","ro-ro","ru-ru","sr-latn-rs","sk-sk","sl-si","es-es","sv-se","th-th","tr-tr","uk-ua","vi-vn"
"Description","2","Text","","SkyImager is a utility that helps format and create bootable USB flash drives, such as USB keys/pendrives, memory sticks, etc.
• Official site: https://skyious.github.io/SkyImager
• Source Code: https://github.com/SKYIOUS/SkyImager
• ChangeLog: https://github.com/SKYIOUS/SkyImager/blob/master/ChangeLog.txt","?????? SkyImager ?? ???? ????? ?? ????? ?????? ????? ??????? USB? ??? ?????? USB? ?????? ???????? ??????.
• ?????? ??????: https://skyious.github.io/SkyImager
• ??? ??????: https://github.com/SKYIOUS/SkyImager
• ??? ?????????: https://github.com/SKYIOUS/SkyImager/blob/master/ChangeLog.txt","SkyImager ? ????????, ? ????? ?????? ????? ?? ??????????? ? ????????? ?????????? USB ??????????, ????? ? ????? ? ??.
• ????????? ????: https://skyious.github.io/SkyImager
• ??????? ???: https://github.com/SKYIOUS/SkyImager
• ??? ?? ?????????: https://github.com/SKYIOUS/SkyImager/blob/master/ChangeLog.txt","SkyImager ??????????????? USB ???(? U ?????)????
• ????: https://skyious.github.io/SkyImager
• ???: https://github.com/SKYIOUS/SkyImager
• ????: https://github.com/SKYIOUS/SkyImager/blob/master/ChangeLog.txt","SkyImager ???????????? USB ???? (? USB ????) ????
• ????: https://skyious.github.io/SkyImager
• ???: https://github.com/SKYIOUS/SkyImager
• ????: https://github.com/SKYIOUS/SkyImager/blob/master/ChangeLog.txt","SkyImager je aplikacija koja olakšava formatiranje i stvaranje USB pokretackih jedinica.
• Službena stranica: https://skyious.github.io/SkyImager
• Šifra izvora: https://github.com/SKYIOUS/SkyImager
• ChangeLog: https://github.com/SKYIOUS/SkyImager/blob/master/ChangeLog.txt","SkyImager je nástroj, který pomáhá formátovat a vytváret bootovací USB flash disky, jako jsou USB klíce, pametové karty atd.
• Oficiální stránky: https://skyious.github.io/SkyImager
• Zdrojový kód: https://github.com/SKYIOUS/SkyImager
• Protokol zmen: https://github.com/SKYIOUS/SkyImager/blob/master/ChangeLog.txt","SkyImager er et vćrktřj, der hjćlper med at formatere og skabe startbare USB-flashdrev, sĺsom USB-nřgler/USB-pinde, USB-stik, osv.
• Officiel side: https://skyious.github.io/SkyImager
• Kildekode: https://github.com/SKYIOUS/SkyImager
• Ćndrings log: https://github.com/SKYIOUS/SkyImager/blob/master/ChangeLog.txt","SkyImager is een programma dat helpt bij het formatteren en aanmaken van opstartbare USB-flash-drives, zoals USB-sticks, geheugensticks, enz.
• Officiële site: https://skyious.github.io/SkyImager
• Broncode: https://github.com/SKYIOUS/SkyImager
• Wijzigingslog: https://github.com/SKYIOUS/SkyImager/blob/master/ChangeLog.txt","SkyImager on ohjelma, joka auttaa alustamaan ja luomaan boottaavia USB-laitteita, kuten esimerkiksi USB-avaimia, muistitikkuja jne.
• Virallinen sivusto: https://skyious.github.io/SkyImager
• Lähdekoodi: https://github.com/SKYIOUS/SkyImager
• Muutosloki: https://github.com/SKYIOUS/SkyImager/blob/master/ChangeLog.txt","SkyImager est un utilitaire permettant de formater et de créer des média USB amorçables, tels que clés USB, mémoire flash, etc.
• Site officiel : https://skyious.github.io/SkyImager
• Code source: https://github.com/SKYIOUS/SkyImager
• ChangeLog: https://github.com/SKYIOUS/SkyImager/blob/master/ChangeLog.txt","SkyImager ist ein Werkzeug, das beim Formatieren und Erstellen bootfähiger USB-Flash-Laufwerke wie USB-Sticks, Speichersticks usw. hilft.
• Offizielle Website: https://skyious.github.io/SkyImager
• Quellcode: https://github.com/SKYIOUS/SkyImager
• Änderungsprotokoll: https://github.com/SKYIOUS/SkyImager/blob/master/ChangeLog.txt","?? SkyImager e??a? ??a ß????t??? p????aµµa p?? ß???? st? d?aµ??f?s? ?a? t? d?µ??????a µ???d?? flash USB µe d??at?t?ta e?????s??, ?p?? ??e?d?? USB/pendrives,???te? µ??µ?? ?.?p.
• ?p?s?µ?? ?st?t?p??: https://skyious.github.io/SkyImager
• ???a??? ??d??a?: https://github.com/SKYIOUS/SkyImager
• ???e?? ?ata??af?? a??a???: https://github.com/SKYIOUS/SkyImager/blob/master/ChangeLog.txt","SkyImager ??? ??? ?????? ?????? ?????? ????? ???? ???? USB ??????? ??????, ??? ???? ??? ??, ?????? ?????? ????.
• ???? ?????: https://skyious.github.io/SkyImager
• ??? ????: https://github.com/SKYIOUS/SkyImager
• ????? ?????: https://github.com/SKYIOUS/SkyImager/blob/master/ChangeLog.txt","A SkyImager egy segédprogram, amellyel bootolható USB flash meghajtókat formázhat és készíthet, például USB kulcsokat/pendrive-okat, memóriakártyákat, stb.
• Hivatalos oldal: https://skyious.github.io/SkyImager
• Forráskód: https://github.com/SKYIOUS/SkyImager
• Változási napló: https://github.com/SKYIOUS/SkyImager/blob/master/ChangeLog.txt","SkyImager adalah alat yang membantu untuk memformat dan membuat perangkat USB flash menjadi bootable, seperti USB flashdisk, kartu memori, dll.
• Situs resmi: https://skyious.github.io/SkyImager
• Kode Sumber: https://github.com/SKYIOUS/SkyImager
• Catatan pergantian: https://github.com/SKYIOUS/SkyImager/blob/master/ChangeLog.txt","SkyImager č un programma che ti aiuta a formattare e creare una unitŕ flash USB avviabile, come una unitŕ USB, memory stick, ecc.
• Sito ufficiale: https://skyious.github.io/SkyImager
• Codice sorgente: https://github.com/SKYIOUS/SkyImager
• Novitŕ: https://github.com/SKYIOUS/SkyImager/blob/master/ChangeLog.txt","SkyImager (?????) ????????USB?????????(USB?????)????????????????????????????
• ?????: https://skyious.github.io/SkyImager
• ??????: https://github.com/SKYIOUS/SkyImager
• ????: https://github.com/SKYIOUS/SkyImager/blob/master/ChangeLog.txt","SkyImager? USB ??? ? ??? ????? ???? ??? ? ??? ??? ?????.
• ?? ???: https://skyious.github.io/SkyImager
• ?? ??: https://github.com/SKYIOUS/SkyImager
• ?? ??: https://github.com/SKYIOUS/SkyImager/blob/master/ChangeLog.txt","SkyImager ir instruments ar kura palidzibu var formatet un izveidot USB ielades ierices uz tadiem nesejiem, ka USB piesleguma zibatminas, atminas kartes u.c.
• Oficiala majas lapa: https://skyious.github.io/SkyImager
• Sakotnejais kods: https://github.com/SKYIOUS/SkyImager
• Izmainas: https://github.com/SKYIOUS/SkyImager/blob/master/ChangeLog.txt","SkyImager programa leidžia suženklinti ir sukurti sistemu paleidimo laikmenas, kaip pvz. USB atmintukus, atminties korteles ir pan.
• Oficiali svetaine: https://skyious.github.io/SkyImager
• Šaltinio kodas: https://github.com/SKYIOUS/SkyImager
• Pakeitimu žurnalas: https://github.com/SKYIOUS/SkyImager/blob/master/ChangeLog.txt","SkyImager adalah utiliti yang membantu memformat dan mencipta pemacu kilat USB boot, seperti pemacu pen/kekunci USB, kayu memori, dan lain-lain.
• Laman rasmi: https://skyious.github.io/SkyImager
• Kod Sumber: https://github.com/SKYIOUS/SkyImager
• ChangeLog: https://github.com/SKYIOUS/SkyImager/blob/master/ChangeLog.txt","SkyImager er et verktřy som hjelper til med ĺ formatere og lage oppstartbare USB-stasjoner, for eksempel USB-minnepinner, USB-harddisker, og lignende.
• Offisiell webside: https://skyious.github.io/SkyImager
• Kildekode: https://github.com/SKYIOUS/SkyImager
• Endringslogg: https://github.com/SKYIOUS/SkyImager/blob/master/ChangeLog.txt","SkyImager ?????? ??? ?? ?? ???? ? ????? ???????? ??? USB ???? ???? ????? ??????? USB/pendrives? ????? ????? ?? ? ???? ?? ??? ??? ?? ???.
• ???? ????: https://skyious.github.io/SkyImager
• ???? ??: https://github.com/SKYIOUS/SkyImager
• ???? ??????? https://github.com/SKYIOUS/SkyImager/blob/master/ChangeLog.txt","SkyImager to narzedzie, które pomaga formatowac i tworzyc dyski rozruchowe flash USB, takie jak klucze USB, pendrive-y itp.
• Oficjalna strona: https://skyious.github.io/SkyImager
• Kod zródlowy: https://github.com/SKYIOUS/SkyImager
• Zmiany: https://github.com/SKYIOUS/SkyImager/blob/master/ChangeLog.txt","SkyImager é um utilitário que ajuda a formatar e a criar unidades flash USB inicializáveis, tais como pendrives USB, cartőes de memória, etc.
• Site oficial: https://skyious.github.io/SkyImager
• Código fonte: https://github.com/SKYIOUS/SkyImager
• Registro de alteraçőes: https://github.com/SKYIOUS/SkyImager/blob/master/ChangeLog.txt","O SkyImager é um utilitário que ajuda a formatar e a criar unidades USB inicializáveis, tais como dispositivos USB/pendrives, cartőes de memória, etc.
• Página oficial: https://skyious.github.io/SkyImager
• Código fonte: https://github.com/SKYIOUS/SkyImager
• Alteraçőes: https://github.com/SKYIOUS/SkyImager/blob/master/ChangeLog.txt","SkyImager este un utilitar care ajuta la formatarea ?i crearea de drive-uri USB bootabile, precum cheile sau pendriverele USB, unita?i de memorie, etc.
• Site oficial: https://skyious.github.io/SkyImager
• Cod sursa: https://github.com/SKYIOUS/SkyImager
• Lista de schimbari: https://github.com/SKYIOUS/SkyImager/blob/master/ChangeLog.txt","SkyImager - ??? ??????? ??? ?????????????? ? ???????? ??????????? ????-??????????? USB.
• ??????????? ????: https://skyious.github.io/SkyImager
• ???????? ???: https://github.com/SKYIOUS/SkyImager
• ?????????: https://github.com/SKYIOUS/SkyImager/blob/master/ChangeLog.txt","SkyImager je uslužni program koji pomaže u formatiranju i kreiranju USB fleš diskova koji se mogu pokretati, kao što su USB kljucevi, memorijski štapici itd.
• Zvanican sajt: https://skyious.github.io/SkyImager
• Izvorni kod: https://github.com/SKYIOUS/SkyImager
• Evidencija promena: https://github.com/SKYIOUS/SkyImager/blob/master/ChangeLog.txt","SkyImager je utilita, ktorá vám pomôže naformátovat a vytvorit bootovacie jednotky USB Flash, ako sú napr. USB klúce, pamätové karty, atd.
• Oficiálna stránka: https://skyious.github.io/SkyImager
• Zdrojový kód: https://github.com/SKYIOUS/SkyImager
• Zoznam zmien: https://github.com/SKYIOUS/SkyImager/blob/master/ChangeLog.txt","SkyImager je program za formatiranje in ustvarjanje zagonskih naprav USB.
• Uradna stran: https://skyious.github.io/SkyImager
• Šifra vira: https://github.com/SKYIOUS/SkyImager
• Spremenitve: https://github.com/SKYIOUS/SkyImager/blob/master/ChangeLog.txt","SkyImager es una utilidad que le ayuda a formatear y crear dispositivos flash booteables, como «pendrives», tarjetas de memoria, etcétera.
• Sitio oficial https://skyious.github.io/SkyImager
• Código fuente https://github.com/SKYIOUS/SkyImager
• Registro de cambios https://github.com/SKYIOUS/SkyImager/blob/master/ChangeLog.txt","SkyImager är ett program som hjälper dig formatera och skapa startbara USB-diskar, sĺ som USB-minnen, minneskort, etc.
• Officiell webbplats: https://skyious.github.io/SkyImager
• Källkod: https://github.com/SKYIOUS/SkyImager
• Ändringslogg: https://github.com/SKYIOUS/SkyImager/blob/master/ChangeLog.txt","SkyImager ??? ????????????????????? ???????????????? USB ??? USB keys, pendrives, memory sticks ???????
• ??????????????: https://skyious.github.io/SkyImager
• ?????????: https://github.com/SKYIOUS/SkyImager
• ????????????????????: https://github.com/SKYIOUS/SkyImager/blob/master/ChangeLog.txt","SkyImager, USB anahtar/bellekler, hafiza kartlari vb. USB sürücüleri, biçimlendirmeye ve önyüklemeli hale getirmeye yardimci olan bir araçtir.
• Resmi site: https://skyious.github.io/SkyImager
• Kaynak Kodu: https://github.com/SKYIOUS/SkyImager
• Sürüm Notlari https://github.com/SKYIOUS/SkyImager/blob/master/ChangeLog.txt","SkyImager ?? ???????, ??? ????????? ??????????? ?? ?????????? ??????????????? ??????, ?????? ???'???, ????.
• ????????? ????: https://skyious.github.io/SkyImager
• ???????? ???: https://github.com/SKYIOUS/SkyImager
• ?????? ????: https://github.com/SKYIOUS/SkyImager/blob/master/ChangeLog.txt","SkyImager lŕ m?t ti?n ích giúp d?nh d?ng vŕ t?o kh? nang kh?i d?ng cho các thi?t b? USB, ví d? nhu th? USB/dia di d?ng, th? nh?, v.v...
• Trang web chính th?c: https://skyious.github.io/SkyImager
• Mă ngu?n: https://github.com/SKYIOUS/SkyImager
• Nh?t ký thay d?i: https://github.com/SKYIOUS/SkyImager/blob/master/ChangeLog.txt"
"ReleaseNotes","3","Text","• Windows User Experience improvements:
•   - Add a ""Quality of Life"" option, to disable Teams, Outlook, Copilot and other Microsoft forced nuisances
•   - Add a Silent installation option, that automatically, and WITHOUT PROMPT, installs Windows on the first detected disk
•   - Add an option to copy 'SkuSiPolicy.p7b' to the ESP on installation (please refer to KB5042562 for more info)
•   - Add tooltips for all the dialog options
• Add limited support for El-Torito UEFI image extraction (Mostly for Dell BIOS update ISOs)
• Improve error report when the user tries to use an image that resides on the target drive
• Improve the UEFI:NTFS partition label to make the install media more explicit during Windows Setup disk partitioning
• Improve support for Bazzite and other Fedora derivatives that don't follow EFI conventions
• Improve detection and exclusion of the new Bitdefender hidden VHDs
• Improve reporting of GRUB and Isolinux MBRs
• Fix potential errors during creation of Windows To Go media, due to the use of new versions of bcdboot
• Fix errors with local accounts that start or end with whitespaces",,,,,,,,,,,,,,,,,,,,,,,,,,,,,,,,,,,,,,
"Title","4","Text","SkyImager",,,,,,,,,,,,,,,,,,,,,,,,,,,,,,,,,,,,,,
"ShortTitle","5","Text","",,,,,,,,,,,,,,,,,,,,,,,,,,,,,,,,,,,,,,
"SortTitle","6","Text","",,,,,,,,,,,,,,,,,,,,,,,,,,,,,,,,,,,,,,
"VoiceTitle","7","Text","",,,,,,,,,,,,,,,,,,,,,,,,,,,,,,,,,,,,,,
"ShortDescription","8","Text","","SkyImager - The Reliable USB Formatting Utility","SkyImager - ???? ????? ??? USB ????? ??????","SkyImager - ?????????? USB ??????????? ????????","SkyImager - ??? USB ?????","SkyImager - ????? USB ?????","SkyImager - Pouzdan alat za formatiranje USB-a","SkyImager - Spolehlivý program pro formátování USB","SkyImager - Det pĺlidelige USB-formateringsvćrktřj","SkyImager - de betrouwbare USB-formatteertool","SkyImager - Luotettava USB-alustusohjelma","SkyImager - L'utilitaire de formatage USB fiable","SkyImager - Das zuverlässige USB-Formatierungstool","SkyImager - ??a a???p?st? efa?µ??? d?aµ??f?s?? USB","SkyImager - ???? ?????? USB ????? ?????","SkyImager - A megbízható USB-formázó segédprogram","SkyImager - Utilitas Pemformatan USB yang Handal","SkyImager - Utility affidabile per la formattazione di unitŕ USB","SkyImager - ?????? USB ?????? ???????","SkyImager - ??? ? ?? USB ?? ????","SkyImager - uzticama un vienkarša USB formatešanas utilita","SkyImager - patikima USB formatavimo priemone","SkyImager - Utiliti pemformatan USB yang dipercayai","SkyImager - Det pĺlitelige USB-formateringsprogrammet","SkyImager? ?????? ??????? ? ???????????? ???? ???? ???? ???????? USB","SkyImager - niezawodne narzedzie do formatowania USB","SkyImager - O Utilitário de Formataçăo USB Confiável","SkyImager - O utilitário de confiança para formataçăo USB","SkyImager - Instrumentul de încredere pentru formatari USB","SkyImager - ???????? ??????? ??? ?????????????? USB-??????","SkyImager - Pouzdan Alat Za Formatiranje USB diska","SkyImager - Spolahlivý program pre formátovanie USB","SkyImager - zanesljivi pripomocek za USB formatiranje","SkyImager, la herramienta de formateo de USBs en la que puedes confiar","SkyImager - Det pĺlitliga verktyget för USB-formatering","SkyImager - ??????????????????? USB ???????????","SkyImager - Güvenilir USB Biçimlendirme Programi","SkyImager - ??????? ??????? ??? ???????????? USB-?????????????","SkyImager - Ti?n ích Đ?nh d?ng USB Đáng tin c?y"
"DevStudio","9","Text","Pete Batard",,,,,,,,,,,,,,,,,,,,,,,,,,,,,,,,,,,,,,
"CopyrightTrademarkInformation","12","Text","© 2011-2026 Pete Batard",,,,,,,,,,,,,,,,,,,,,,,,,,,,,,,,,,,,,,
"AdditionalLicenseTerms","13","Text","https://www.gnu.org/licenses/gpl-3.0.html","This application is licensed under the terms of the GNU Public License (GPL) version 3.
See https://www.gnu.org/licenses/gpl-3.0.en.html for details.","??? ??????? ????? ????? ???? ???? ??? (GNU) ???????? (GPL) ??????? 3.
???? https://www.gnu.org/licenses/gpl-3.0.ar.html ????? ?? ????????.","???? ???????? ? ??????????? ?????? ????????? ?? GNU Public License (GPL) ?????? 3.
????? https://www.gnu.org/licenses/gpl-3.0.html ?? ???????????.","????? GNU ??????? (GPL) ????
?????? https://www.gnu.org/licenses/gpl-3.0.zh-cn.html?","????? GNU ??????? (GPL) ????
?????? https://www.gnu.org/licenses/gpl-3.0.zh-tw.html?","Ova je aplikacija licencirana pod uvjetima GNU Javne licence (GPL) verzije 3.
Detalje potražite u https://www.gnu.org/licenses/gpl-3.0.html.","Tato aplikace je licencována podle podmínek GNU Public License (GPL) verze 3.
Podrobnosti naleznete na adrese https://www.gnu.org/licenses/gpl-3.0.html.","Denne application er licenceret under GNU Public License (GPL) version 3's vilkĺr.
Se https://www.gnu.org/licenses/gpl-3.0.html for detaljer.","Deze toepassing valt onder de voorwaarden van de GNU Public License (GPL) versie 3.
Zie https://www.gnu.org/licenses/gpl-3.0.nl.html voor details.","Tämä sovellus on lisensoitu GNU Public License (GPL) version 3 ehtojen mukaisesti.
Lisätietoja osoitteessa https://www.gnu.org/licenses/gpl-3.0.html (englanniksi).","Cette application est fournie sous les termes de la Licence publique générale GNU (GPL) version 3.
Veuillez consulter https://www.gnu.org/licenses/gpl-3.0.fr.html pour plus de details.","Diese Anwendung ist unter den Bedingungen der GNU Public License (GPL) Version 3 lizenziert.
Siehe https://www.gnu.org/licenses/gpl-3.0.de.html für Details.","??t? ? efa?µ??? ??e? ?de?a ???s?? s?µf??a µe t??? ????? t?? GNU Public License (GPL) ??d?s? 3.
?e?te https://www.gnu.org/licenses/gpl-3.0.html ??a ?ept?µ??e?e?.","????? ?? ??????? ??? ?????? ?? ???? 3 ?? ??????? ??????? ?? ??? (GPL).
?????? ??????, ?? ?????? ?? https://www.gnu.org/licenses/gpl-3.0.html.","Ezen alkalmazás használata a GNU Public License (GPL) 3-as verzió feltételei szerint engedélyezett.
További információ: https://www.gnu.org/licenses/gpl-3.0.html.","Aplikasi ini dilisensikan di bawah ketentuan GNU Public License (GPL) versi 3.
Lihat https://www.gnu.org/licenses/gpl-3.0.html untuk detail lebih lanjut.","Questa applicazione č rilasciata sotto i termini della GNU Public License (GPL) versione 3.
Vedere https://www.gnu.org/licenses/gpl-3.0.html per dettagli.","???????????GNU Public License (GPL) version 3?????????????
??? https://www.gnu.org/licenses/gpl-3.0.ja.html ????????","? ?? ????? GNU Public License (GPL) ?? 3? ??? ?? ????? ?????.
??? ??? https://www.gnu.org/licenses/gpl-3.0.html ? ?????.","Šai programmai ir licences noteikumi, ka GNU Public License (GPL) version 3.
Papildinformacijai skatit https://www.gnu.org/licenses/gpl-3.0.html.","Ši programa yra licencijuota pagal GNU viešosios licencijos (GPL) 3 versijos salygas.
Daugiau informacijos rasite https://www.gnu.org/licenses/gpl-3.0.html.","Permohonan ini dilesenkan di bawah syarat-syarat Lesen Awam GNU (GPL) versi 3.
Lihat https://www.gnu.org/licenses/gpl-3.0.html untuk butiran.","Dette programmet er lisensiert under GNU Public Licence (GPL) versjon 3.
Se https://www.gnu.org/licenses/gpl-3.0.html for mer informasjon.","??? ?????? ??? ????? ???? ????? ??? (GPL) ???? 3 ???? ????.
???? ?????? ?? https://www.gnu.org/licenses/gpl-3.0.html ?????? ????.","Ta aplikacja jest objeta licencja na warunkach licencji publicznej GNU (GPL) w wersji 3.
Z obacz https://www.gnu.org/licenses/gpl-3.0.html, aby uzyskac szczególowe informacje.","Este software está licenciado sob os termos da GNU Public License (GPL) versăo 3.
Consulte https://www.gnu.org/licenses/gpl-3.0.pt-br.html para mais detalhes.","Este software está licenciado sob os termos da GNU Public License (GPL) versăo 3.
Consulte https://www.gnu.org/licenses/gpl-3.0.html para mais detalhes.","Aceasta aplica?ie este licen?iata conform termenilor GNU Public License (GPL) versiunea 3.
Vezi https://www.gnu.org/licenses/gpl-3.0.en.html pentru detalii.","??? ?????????? ???????????????? ?? ???????? GNU Public License (GPL) ?????? 3.
????????? ??. https://www.gnu.org/licenses/gpl-3.0.ru.html.","Ova aplikacija je licencirana pod uslovima GNU Javne licence (GPL) verzije 3. 
Pogledajte https://www.gnu.org/licenses/gpl-3.0.en.html za više informacija.","Táto aplikácia je licencovaná podla podmienok GNU Public License (GPL) verzia 3.
Podrobnosti nájdete na https://www.gnu.org/licenses/gpl-3.0.html.","Ta aplikacija je licencirana pod pogoji GNU Javne licence (GPL) razlicice 3.
Oglejte si https://www.gnu.org/licenses/gpl-3.0.html podrobnosti.","Esta aplicación tiene licencia bajo los términos de la Licencia Pública GNU (GPL) versión 3.
Consulte https://www.gnu.org/licenses/gpl-3.0.html para obtener más información.","Denna applikation är licensierad under villkoren i GNU Public License (GPL) version 3.
Se https://www.gnu.org/licenses/gpl-3.0.en.html för mer information.","??????????????????????????????????????????? GNU Public License (GPL) ???????? 3
?????????????????? https://www.gnu.org/licenses/gpl-3.0.html","Bu uygulama, GNU Kamu Lisansi (GPL) sürüm 3'ün kosullari altinda lisanslanmistir.
Detaylar için https://www.gnu.org/licenses/gpl-3.0.tr.html sayfasini ziyaret edin.","?? ???????? ??????????? ?????? ? ??????? GNU Public License (GPL) version 3.
??????: https://www.gnu.org/licenses/gpl-3.0.uk.html.","Ph?n m?m nŕy dă du?c c?p phép du?i các di?u kho?n c?a GNU Public License (GPL) phięn b?n 3.
Xem t?i https://www.gnu.org/licenses/gpl-3.0.html d? bi?t thęm chi ti?t."
"DesktopScreenshot1","100","Relative path (or URL to file in Partner Center)","","listing/en-us/Screenshot1.png","listing/ar-sa/Screenshot1.png","listing/bg-bg/Screenshot1.png","listing/zh-cn/Screenshot1.png","listing/zh-tw/Screenshot1.png","listing/hr-hr/Screenshot1.png","listing/cs-cz/Screenshot1.png","listing/da-dk/Screenshot1.png","listing/nl-nl/Screenshot1.png","listing/fi-fi/Screenshot1.png","listing/fr-fr/Screenshot1.png","listing/de-de/Screenshot1.png","listing/el-gr/Screenshot1.png","listing/he-il/Screenshot1.png","listing/hu-hu/Screenshot1.png","listing/id-id/Screenshot1.png","listing/it-it/Screenshot1.png","listing/ja-jp/Screenshot1.png","listing/ko-kr/Screenshot1.png","listing/lv-lv/Screenshot1.png","listing/lt-lt/Screenshot1.png","listing/ms-my/Screenshot1.png","listing/nb-no/Screenshot1.png","listing/fa-ir/Screenshot1.png","listing/pl-pl/Screenshot1.png","listing/pt-br/Screenshot1.png","listing/pt-pt/Screenshot1.png","listing/ro-ro/Screenshot1.png","listing/ru-ru/Screenshot1.png","listing/sr-latn-rs/Screenshot1.png","listing/sk-sk/Screenshot1.png","listing/sl-si/Screenshot1.png","listing/es-es/Screenshot1.png","listing/sv-se/Screenshot1.png","listing/th-th/Screenshot1.png","listing/tr-tr/Screenshot1.png","listing/uk-ua/Screenshot1.png","listing/vi-vn/Screenshot1.png"
"DesktopScreenshot2","101","Relative path (or URL to file in Partner Center)","","listing/en-us/Screenshot2.png",,,,,,,,,,,,,,,,,,,,,,,,,,,,,,,,,,,,,
"DesktopScreenshot3","102","Relative path (or URL to file in Partner Center)","","listing/en-us/Screenshot3.png",,,,,,,,,,,,,,,,,,,,,,,,,,,,,,,,,,,,,
"DesktopScreenshot4","103","Relative path (or URL to file in Partner Center)","","listing/en-us/Screenshot4.png",,,,,,,,,,,,,,,,,,,,,,,,,,,,,,,,,,,,,
"DesktopScreenshot5","104","Relative path (or URL to file in Partner Center)","",,,,,,,,,,,,,,,,,,,,,,,,,,,,,,,,,,,,,,
"DesktopScreenshot6","105","Relative path (or URL to file in Partner Center)","",,,,,,,,,,,,,,,,,,,,,,,,,,,,,,,,,,,,,,
"DesktopScreenshot7","106","Relative path (or URL to file in Partner Center)","",,,,,,,,,,,,,,,,,,,,,,,,,,,,,,,,,,,,,,
"DesktopScreenshot8","107","Relative path (or URL to file in Partner Center)","",,,,,,,,,,,,,,,,,,,,,,,,,,,,,,,,,,,,,,
"DesktopScreenshot9","108","Relative path (or URL to file in Partner Center)","",,,,,,,,,,,,,,,,,,,,,,,,,,,,,,,,,,,,,,
"DesktopScreenshot10","109","Relative path (or URL to file in Partner Center)","",,,,,,,,,,,,,,,,,,,,,,,,,,,,,,,,,,,,,,
"DesktopScreenshotCaption1","150","Text","",,,,,,,,,,,,,,,,,,,,,,,,,,,,,,,,,,,,,,
"DesktopScreenshotCaption2","151","Text","",,,,,,,,,,,,,,,,,,,,,,,,,,,,,,,,,,,,,,
"DesktopScreenshotCaption3","152","Text","",,,,,,,,,,,,,,,,,,,,,,,,,,,,,,,,,,,,,,
"DesktopScreenshotCaption4","153","Text","",,,,,,,,,,,,,,,,,,,,,,,,,,,,,,,,,,,,,,
"DesktopScreenshotCaption5","154","Text","",,,,,,,,,,,,,,,,,,,,,,,,,,,,,,,,,,,,,,
"DesktopScreenshotCaption6","155","Text","",,,,,,,,,,,,,,,,,,,,,,,,,,,,,,,,,,,,,,
"DesktopScreenshotCaption7","156","Text","",,,,,,,,,,,,,,,,,,,,,,,,,,,,,,,,,,,,,,
"DesktopScreenshotCaption8","157","Text","",,,,,,,,,,,,,,,,,,,,,,,,,,,,,,,,,,,,,,
"DesktopScreenshotCaption9","158","Text","",,,,,,,,,,,,,,,,,,,,,,,,,,,,,,,,,,,,,,
"DesktopScreenshotCaption10","159","Text","",,,,,,,,,,,,,,,,,,,,,,,,,,,,,,,,,,,,,,
"MobileScreenshot1","200","Relative path (or URL to file in Partner Center)","",,,,,,,,,,,,,,,,,,,,,,,,,,,,,,,,,,,,,,
"MobileScreenshot2","201","Relative path (or URL to file in Partner Center)","",,,,,,,,,,,,,,,,,,,,,,,,,,,,,,,,,,,,,,
"MobileScreenshot3","202","Relative path (or URL to file in Partner Center)","",,,,,,,,,,,,,,,,,,,,,,,,,,,,,,,,,,,,,,
"MobileScreenshot4","203","Relative path (or URL to file in Partner Center)","",,,,,,,,,,,,,,,,,,,,,,,,,,,,,,,,,,,,,,
"MobileScreenshot5","204","Relative path (or URL to file in Partner Center)","",,,,,,,,,,,,,,,,,,,,,,,,,,,,,,,,,,,,,,
"MobileScreenshot6","205","Relative path (or URL to file in Partner Center)","",,,,,,,,,,,,,,,,,,,,,,,,,,,,,,,,,,,,,,
"MobileScreenshot7","206","Relative path (or URL to file in Partner Center)","",,,,,,,,,,,,,,,,,,,,,,,,,,,,,,,,,,,,,,
"MobileScreenshot8","207","Relative path (or URL to file in Partner Center)","",,,,,,,,,,,,,,,,,,,,,,,,,,,,,,,,,,,,,,
"MobileScreenshot9","208","Relative path (or URL to file in Partner Center)","",,,,,,,,,,,,,,,,,,,,,,,,,,,,,,,,,,,,,,
"MobileScreenshot10","209","Relative path (or URL to file in Partner Center)","",,,,,,,,,,,,,,,,,,,,,,,,,,,,,,,,,,,,,,
"MobileScreenshotCaption1","250","Text","",,,,,,,,,,,,,,,,,,,,,,,,,,,,,,,,,,,,,,
"MobileScreenshotCaption2","251","Text","",,,,,,,,,,,,,,,,,,,,,,,,,,,,,,,,,,,,,,
"MobileScreenshotCaption3","252","Text","",,,,,,,,,,,,,,,,,,,,,,,,,,,,,,,,,,,,,,
"MobileScreenshotCaption4","253","Text","",,,,,,,,,,,,,,,,,,,,,,,,,,,,,,,,,,,,,,
"MobileScreenshotCaption5","254","Text","",,,,,,,,,,,,,,,,,,,,,,,,,,,,,,,,,,,,,,
"MobileScreenshotCaption6","255","Text","",,,,,,,,,,,,,,,,,,,,,,,,,,,,,,,,,,,,,,
"MobileScreenshotCaption7","256","Text","",,,,,,,,,,,,,,,,,,,,,,,,,,,,,,,,,,,,,,
"MobileScreenshotCaption8","257","Text","",,,,,,,,,,,,,,,,,,,,,,,,,,,,,,,,,,,,,,
"MobileScreenshotCaption9","258","Text","",,,,,,,,,,,,,,,,,,,,,,,,,,,,,,,,,,,,,,
"MobileScreenshotCaption10","259","Text","",,,,,,,,,,,,,,,,,,,,,,,,,,,,,,,,,,,,,,
"XboxScreenshot1","300","Relative path (or URL to file in Partner Center)","",,,,,,,,,,,,,,,,,,,,,,,,,,,,,,,,,,,,,,
"XboxScreenshot2","301","Relative path (or URL to file in Partner Center)","",,,,,,,,,,,,,,,,,,,,,,,,,,,,,,,,,,,,,,
"XboxScreenshot3","302","Relative path (or URL to file in Partner Center)","",,,,,,,,,,,,,,,,,,,,,,,,,,,,,,,,,,,,,,
"XboxScreenshot4","303","Relative path (or URL to file in Partner Center)","",,,,,,,,,,,,,,,,,,,,,,,,,,,,,,,,,,,,,,
"XboxScreenshot5","304","Relative path (or URL to file in Partner Center)","",,,,,,,,,,,,,,,,,,,,,,,,,,,,,,,,,,,,,,
"XboxScreenshot6","305","Relative path (or URL to file in Partner Center)","",,,,,,,,,,,,,,,,,,,,,,,,,,,,,,,,,,,,,,
"XboxScreenshot7","306","Relative path (or URL to file in Partner Center)","",,,,,,,,,,,,,,,,,,,,,,,,,,,,,,,,,,,,,,
"XboxScreenshot8","307","Relative path (or URL to file in Partner Center)","",,,,,,,,,,,,,,,,,,,,,,,,,,,,,,,,,,,,,,
"XboxScreenshot9","308","Relative path (or URL to file in Partner Center)","",,,,,,,,,,,,,,,,,,,,,,,,,,,,,,,,,,,,,,
"XboxScreenshot10","309","Relative path (or URL to file in Partner Center)","",,,,,,,,,,,,,,,,,,,,,,,,,,,,,,,,,,,,,,
"XboxScreenshotCaption1","350","Text","",,,,,,,,,,,,,,,,,,,,,,,,,,,,,,,,,,,,,,
"XboxScreenshotCaption2","351","Text","",,,,,,,,,,,,,,,,,,,,,,,,,,,,,,,,,,,,,,
"XboxScreenshotCaption3","352","Text","",,,,,,,,,,,,,,,,,,,,,,,,,,,,,,,,,,,,,,
"XboxScreenshotCaption4","353","Text","",,,,,,,,,,,,,,,,,,,,,,,,,,,,,,,,,,,,,,
"XboxScreenshotCaption5","354","Text","",,,,,,,,,,,,,,,,,,,,,,,,,,,,,,,,,,,,,,
"XboxScreenshotCaption6","355","Text","",,,,,,,,,,,,,,,,,,,,,,,,,,,,,,,,,,,,,,
"XboxScreenshotCaption7","356","Text","",,,,,,,,,,,,,,,,,,,,,,,,,,,,,,,,,,,,,,
"XboxScreenshotCaption8","357","Text","",,,,,,,,,,,,,,,,,,,,,,,,,,,,,,,,,,,,,,
"XboxScreenshotCaption9","358","Text","",,,,,,,,,,,,,,,,,,,,,,,,,,,,,,,,,,,,,,
"XboxScreenshotCaption10","359","Text","",,,,,,,,,,,,,,,,,,,,,,,,,,,,,,,,,,,,,,
"HolographicScreenshot1","400","Relative path (or URL to file in Partner Center)","",,,,,,,,,,,,,,,,,,,,,,,,,,,,,,,,,,,,,,
"HolographicScreenshot2","401","Relative path (or URL to file in Partner Center)","",,,,,,,,,,,,,,,,,,,,,,,,,,,,,,,,,,,,,,
"HolographicScreenshot3","402","Relative path (or URL to file in Partner Center)","",,,,,,,,,,,,,,,,,,,,,,,,,,,,,,,,,,,,,,
"HolographicScreenshot4","403","Relative path (or URL to file in Partner Center)","",,,,,,,,,,,,,,,,,,,,,,,,,,,,,,,,,,,,,,
"HolographicScreenshot5","404","Relative path (or URL to file in Partner Center)","",,,,,,,,,,,,,,,,,,,,,,,,,,,,,,,,,,,,,,
"HolographicScreenshot6","405","Relative path (or URL to file in Partner Center)","",,,,,,,,,,,,,,,,,,,,,,,,,,,,,,,,,,,,,,
"HolographicScreenshot7","406","Relative path (or URL to file in Partner Center)","",,,,,,,,,,,,,,,,,,,,,,,,,,,,,,,,,,,,,,
"HolographicScreenshot8","407","Relative path (or URL to file in Partner Center)","",,,,,,,,,,,,,,,,,,,,,,,,,,,,,,,,,,,,,,
"HolographicScreenshot9","408","Relative path (or URL to file in Partner Center)","",,,,,,,,,,,,,,,,,,,,,,,,,,,,,,,,,,,,,,
"HolographicScreenshot10","409","Relative path (or URL to file in Partner Center)","",,,,,,,,,,,,,,,,,,,,,,,,,,,,,,,,,,,,,,
"HolographicScreenshotCaption1","450","Text","",,,,,,,,,,,,,,,,,,,,,,,,,,,,,,,,,,,,,,
"HolographicScreenshotCaption2","451","Text","",,,,,,,,,,,,,,,,,,,,,,,,,,,,,,,,,,,,,,
"HolographicScreenshotCaption3","452","Text","",,,,,,,,,,,,,,,,,,,,,,,,,,,,,,,,,,,,,,
"HolographicScreenshotCaption4","453","Text","",,,,,,,,,,,,,,,,,,,,,,,,,,,,,,,,,,,,,,
"HolographicScreenshotCaption5","454","Text","",,,,,,,,,,,,,,,,,,,,,,,,,,,,,,,,,,,,,,
"HolographicScreenshotCaption6","455","Text","",,,,,,,,,,,,,,,,,,,,,,,,,,,,,,,,,,,,,,
"HolographicScreenshotCaption7","456","Text","",,,,,,,,,,,,,,,,,,,,,,,,,,,,,,,,,,,,,,
"HolographicScreenshotCaption8","457","Text","",,,,,,,,,,,,,,,,,,,,,,,,,,,,,,,,,,,,,,
"HolographicScreenshotCaption9","458","Text","",,,,,,,,,,,,,,,,,,,,,,,,,,,,,,,,,,,,,,
"HolographicScreenshotCaption10","459","Text","",,,,,,,,,,,,,,,,,,,,,,,,,,,,,,,,,,,,,,
"StoreLogo720x1080","600","Relative path (or URL to file in Partner Center)","",,,,,,,,,,,,,,,,,,,,,,,,,,,,,,,,,,,,,,
"StoreLogo1080x1080","601","Relative path (or URL to file in Partner Center)","",,,,,,,,,,,,,,,,,,,,,,,,,,,,,,,,,,,,,,
"StoreLogo300x300","602","Relative path (or URL to file in Partner Center)","",,,,,,,,,,,,,,,,,,,,,,,,,,,,,,,,,,,,,,
"OverrideLogosForWin10","603","True/False","FALSE",,,,,,,,,,,,,,,,,,,,,,,,,,,,,,,,,,,,,,
"StoreLogoOverride150x150","604","Relative path (or URL to file in Partner Center)","",,,,,,,,,,,,,,,,,,,,,,,,,,,,,,,,,,,,,,
"StoreLogoOverride71x71","605","Relative path (or URL to file in Partner Center)","",,,,,,,,,,,,,,,,,,,,,,,,,,,,,,,,,,,,,,
"PromoImage1920x1080","606","Relative path (or URL to file in Partner Center)","",,,,,,,,,,,,,,,,,,,,,,,,,,,,,,,,,,,,,,
"PromoImage2400x1200","607","Relative path (or URL to file in Partner Center)","",,,,,,,,,,,,,,,,,,,,,,,,,,,,,,,,,,,,,,
"XboxBrandedKeyArt584x800","608","Relative path (or URL to file in Partner Center)","",,,,,,,,,,,,,,,,,,,,,,,,,,,,,,,,,,,,,,
"XboxTitledHero1920x1080","609","Relative path (or URL to file in Partner Center)","",,,,,,,,,,,,,,,,,,,,,,,,,,,,,,,,,,,,,,
"XboxFeaturedPromo1080x1080","610","Relative path (or URL to file in Partner Center)","",,,,,,,,,,,,,,,,,,,,,,,,,,,,,,,,,,,,,,
"OptionalPromo358x358","611","Relative path (or URL to file in Partner Center)","",,,,,,,,,,,,,,,,,,,,,,,,,,,,,,,,,,,,,,
"OptionalPromo1000x800","612","Relative path (or URL to file in Partner Center)","",,,,,,,,,,,,,,,,,,,,,,,,,,,,,,,,,,,,,,
"OptionalPromo414x180","613","Relative path (or URL to file in Partner Center)","",,,,,,,,,,,,,,,,,,,,,,,,,,,,,,,,,,,,,,
"Feature1","700","Text","","Format USB, flash card and virtual drives to FAT/FAT32/NTFS/UDF/exFAT/ReFS/ext2/ext3","????? USB ?????? ?????? ??????? ??????? ?????????? ??? FAT / FAT32 / NTFS / UDF / exFAT / ReFS / ext2 / ext3","??????????? ?? USB, ????? ????? ? ????????? ?????????? ? FAT/FAT32/NTFS/UDF/exFAT/ReFS/ext2/ext3","? U ??????????????? FAT/FAT32/NTFS/UDF/exFAT/ReFS/ext2/ext3 ??","?????????????????? FAT/FAT32/NTFS/UDF/exFAT/ReFS/ext2/ext3 ??","Formatirajte USB, flash karticu i virtualne pogone na FAT/FAT32/NTFS/UDF/exFAT/ReFS/ext2/ext3","Formátování USB, flash karet a virtuálních jednotek na FAT/FAT32/NTFS/UDF/exFAT/ReFS/ext2/ext3","Formater USB, flash kort og virtuelle drev til FAT/FAT32/NTFS/UDF/exFAT/ReFS/ext2/ext3","USB, flashkaart en virtuele schijven formatteren naar FAT/FAT32/NTFS/UDF/exFAT/ReFS/ext2/ext3","Alusta USB-asemia, muistikortteja ja virtuaalisia asemia muotoon FAT/FAT32/NTFS/UDF/exFAT/ReFS/ext2/ext3","Formatez des périphériques USB, des cartes flash et des disques virtuels en FAT/FAT32/NTFS/UDF/exFAT/ReFS/ext2/ext3","Formatieren von USB, Flash-Karte und virtuellen Laufwerken in FAT/FAT32/NTFS/UDF/exFAT/ReFS/ext2/ext3","???f?p???s? USB, ???ta? flash ?a? e???????? µ???d?? d?s??? se FAT/FAT32/NTFS/UDF/exFAT/ReFS/ext2/ext3","????? USB, ?????? ?????? ??????? ?????????? ??FAT/FAT32/NTFS/UDF/exFAT/ReFS/ext2/ext3","USB, flash memóriakártyák és virtuális meghajtók formázása FAT/FAT32/NTFS/UDF/exFAT/ReFS/ext2/ext3 fájlrendszerre","Format USB, kartu flash dan penyimpanan maya ke FAT/FAT32/NTFS/UDF/exFAT/ReFS/ext2/ext3","Formatta USB, flash card e unitŕ virtuali in FAT/FAT32/NTFS/UDF/exFAT/ReFS/ext2/ext3","USB????SD???????????FAT/FAT32/NTFS/UDF/exFAT/ReFS/ext2/ext3???????????","USB, ??? ?? ? ?? ????? FAT/FAT32/NTFS/UDF/exFAT/ReFS/ext2/ext3? ??","Formate USB, atminas kartes un virtualos diskus formatos FAT/FAT32/NTFS/UDF/exFAT/ReFS/ext2/ext3","Suformatuokite USB, flash kortele ir virtualius diskus i FAT32/NTFS/UDF/exFAT/ReFS/ext2/ext3","Formatkan USB, kad flash dan pemacu maya kepada FAT/FAT32/NTFS/UDF/exFAT/ReFS/ext2/ext3","Formater USB, minnekort og virtuelle disker til FAT/FAT32/NTFS/UDF/exFAT/ReFS/ext2/ext3","???? USB? ??? ???? ? ???????? ????? ?? FAT/FAT32/NTFS/UDF/exFAT/ReFS/ext2/ext3","Sformatuj nosnik uzywajac: FAT/FAT32/NTFS/UDF/exFAT/ReFS/ext2/ext3","Formatar dispositivos USB, cartőes flash e discos virtuais com FAT/FAT32/NTFS/UDF/exFAT/ReFS/ext2/ext3","Formatar dispositivos USB, cartăo de memória e unidades virtuais em FAT/FAT32/NTFS/UDF/exFAT/ReFS/ext2/ext3","Formateaza USB, card flash si drive-uri virtuale la FAT/FAT32/NTFS/UDF/exFAT/ReFS/ext2/ext3","?????????????? USB, ?????? ? ??????????? ?????? ? FAT/FAT32/NTFS/UDF/exFAT/ReFS/ext2/ext3","Formatiraj USB, flash kartice, i virtualne diskove u FAT/FAT32/NTFS/UDF/exFAT/ReFS/ext2/ext3","Naformátujte USB, kartu a virtuálne disky do FAT/FAT32/NTFS/UDF/exFAT/ReFS/ext2/ext3","Formatiranje USB, bliskavice in virtualnih pogonov na FAT/FAT32/NTFS/UDF/exFAT/ReFS/ext2/ext3","Formatee USB, tarjetas flash y unidades virtuales a FAT/FAT32/NTFS/UDF/exFAT/ReFS/ext2/ext3","Formatera USB-enheter, flash-kort och virtuella enheter till FAT/FAT32/NTFS/UDF/exFAT/ReFS/ext2/ext3","??????? USB, ????????? ??????????????? ?????????????????? FAT/FAT32/NTFS/UDF/exFAT/ReFS/ext2/ext3","USB, flash kart ve sanal sürücüleri FAT/FAT32/NTFS/UDF/exFAT/ReFS/ext2/ext3 olarak biçimlendirin","???????????? USB-?????????????, ??????, ?????? ???'??? ? FAT/FAT32/NTFS/UDF/exFAT/ReFS/ext2/ext3","Đ?nh d?ng USB, th? nh? ho?c ? nh? ?o v?i FAT/FAT32/NTFS/UDF/exFAT/ReFS/ext2/ext3"
"Feature2","701","Text","","Create FreeDOS bootable USB drives","????? ?????? ????? USB ????? ??????? ?? FreeDOS","????????? ?? FreeDOS ????????? USB ??????????","?? FreeDOS ??????","?? FreeDOS  ??????","Stvaranje FreeDOS USB pogona za pokretanje","Vytvorení bootovacích disku USB se systémem FreeDOS","Lav FreeDOS opstartsbare USB drev","FreeDOS opstartbare USB-schijven aanmaken","Luo boottaavia FreeDOS USB-asemia","Créez des disques amorçable FreeDOS","FreeDOS-bootfähige USB-Laufwerke erstellen","??µ??????ste µ???de? USB µe d??at?t?ta e?????s?? FreeDOS","????? ????? USB ??????? ?????? ?? FreeDOS","Bootolható FreeDOS USB meghajtó készítése","Buat perangkat USB FreeDOS yang dapat di boot","Crea unitŕ USB avviabili FreeDOS","FreeDOS????????????????","FreeDOS ?? ??? USB ???? ???","Izveido FreeDOS ielades USB ierices","Sukurkite FreeDOS ikrovos USB diskus","Buat pemacu USB boleh boot FreeDOS","Lag FreeDos oppstartbar USB stick","???????? USB ???? ??? FreeDOS ?? ????? ????","Stwórz nosnik rozruchowy USB FreeDOS","Criar discos USB inicializáveis FreeDOS","Criar unidades USB inicializáveis FreeDOS","Creaza drive USB bootabil FreeDOS","???????? ??????????? USB-?????? FreeDOS","Kreiraj FreeDOS butabilni USB disk","Vytvorte bootovacie usb zariadenia FreeDOS","Ustvarite FreeDOS zagonske USB pogone","Crear unidades USB de arranque FreeDOS","Skapa FreeDOS startbara USB-enheter","????? USB ?????????????????? FreeDOS","FreeDOS önyüklenebilir USB sürücüleri olusturun","????????? ???????????????? ????????? FreeDOS","T?o USB có th? kh?i d?ng v?i FreeDOS"
"Feature3","702","Text","","Create bootable drives from bootable ISOs (Windows, Linux, etc.)","????? ?????? ????? ????? ??????? ?? ????? ISO ??????? ??????? (Windows ? Linux ??? ??? ???)","????????? ?? ?????????? ?????????? ?? ISO ?????? (Windows, Linux ? ??.)","???? ISO ?? (Windows ? Linux ?) ????????","???? ISO ?? (Windows ? Linux ?) ????????","Stvaranje pogona za pokretanje iz ISO-ova za pokretanje (Windows, Linux itd.)","Vytvárení bootovacích jednotek ze zavádecích ISO (Windows, Linux atd.)","Lav opstartsbarer drev fra opstartsbarer ISOer (Window, Linux, osv.)","Opstartbare schijven aanmaken via opstartbare ISO's (Windows, Linux, enz)","Luo käynnistysasemia boottaavista ISO-kuvista (Windows, Linux jne.)","Créez des disques amorçables ŕ partir d'images ISOs (Windows, Linux, etc.)","Erstellen bootfähiger Laufwerke aus bootfähigen ISOs (Windows, Linux etc.)","??µ??????ste e?????s?µe? µ???de? ap? ISO µe d??at?t?ta e?????s?? (Windows, Linux, ?.?p.)","????? ?????? ??????? ?????? ?????? ISO ??????? ?????? (Windows?, Linux ???')","Bootolható meghajtók készítése bootolható ISO képfájlokból (Windows, Linux, stb.)","Buat perangkat yang dapat di boot dari ISO (Windows, Linux, dll.)","Crea unitŕ avviabili da ISO avviabili (Windows, Linux, ecc.)","Windows?Linux???ISO?????????????????????","?? ??? ISO (Windows, Linux ?)?? ?? ??? ???? ???","Izveido ielades ierices no ISO failiem (Windows, Linux, u.c.)","Sukurkite ikrovos diskus iš ikrovos ISO (Windows, Linux ir kt.)","Buat pemacu boleh boot daripada ISO boleh boot (Windows, Linux, dll.)","Lag oppstartabar enhet/disk fra ISOer (Windows, Linux, etc.)","????? ???????? ???? ??? ?? ISO??? ???? ??? (??????? ?????? ? ????)","Twórz dyski rozruchowe z obrazów ISO (Windows, Linux itp.)","Criar discos inicializáveis a partir de ISOs inicializáveis (Windows, Linux, etc.)","Criar unidades inicializáveis a partir de ISOs inicializáveis (Windows, Linux, etc.)","Creaza drive-uri bootabile de la ISO-uri bootabile (Windows, Linux, etc.)","???????? ??????????? ?????? ?? ??????????? ??????? ISO (Windows, Linux ? ?.?.)","Kreirajte disk jedinice za pokretanje sistema od ISO-a koji se mogu pokretanja sistema (Windows, Linux itd.)","Vytvorte bootovacie jednotky z ISO súborov (Windows, Linux atd.)","Ustvarite zagonske pogone iz zagonskih ISO-jev (Windows, Linux itd.)","Cree unidades de arranque desde ISO de arranque (Windows, Linux, etc.)","Skapa startbara enheter frĺn startbara ISO-filer (Windows, Linux, etc.)","????? USB ??????????????? ISO ????????? (???? ??????????? Windows ???? Linux ???????)","Önyüklenebilir ISO'lardan önyüklenebilir sürücüler olusturun (Windows, Linux, vb.)","????????? ???????????????? ????????? ? ???????????????? ??????? (Windows, Linux, ????)","T?o ? dia có th? kh?i d?ng t? các file ISO có th? kh?i d?ng (Windows, Linux, v.v...)"
"Feature4","703","Text","","Create bootable drives from bootable disk images, including compressed ones","????? ?????? ????? ????? ??????? ?? ??? ??????? ??????? ??????? ? ??? ?? ??? ??????? ????????","????????? ?? ?????????? ?????????? ?? ??????, ??????????? ???????????? ??????","???????? (??????) ????????","????????? (???????) ????????","Stvaranje pogona za pokretanje iz slika diska za pokretanje, ukljucujuci komprimirane","Vytvárení zavádecích jednotek ze zavádecích obrazu disku, vcetne komprimovaných","Lav opstartsbarer drev fra opstartsbarer disk billeder, inklusiv komprimerede billeder","Opstartbare schijven aanmaken van opstartbare schijf-images, inclusief gecomprimeerde images","Luo käynnistysasemia boottaavista levykuvista, pakatut kuvat mukaanlukien","Créez des disques amorçables ŕ partir d'images disque, y compris ŕ partir d'images compressées","Erstellen bootfähiger Laufwerke aus bootfähigen Festplatten-Images, einschließlich komprimierter Images","??µ??????ste µ???de? e?????s?? ap? e????e? d?s??? µe d??at?t?ta e?????s??, s?µpe???aµßa??µ???? s?µp?esµ????","????? ?????? ??????? ?????? ?????? ????? ???? ??????? ??????, ???? ????? ??????","Bootolható meghajtók készítése bootolható lemez képfájlokból, beleértve a tömörítetteket is","Buat perangkat yang dapat di boot dari Disk Image, termasuk yang Disk Image yang terkompresi","Crea unitŕ avviabili da immagini disco avviabili, incluse quelle compresse","???????????????????????????????????","??? ???? ???? ?? ??? ??? ????? ?? ??? ???? ???","Izveido ielades ierices no ielades disku virtualajiem atteliem, tai skaita ari no saspiestajiem","Sukurkite ikrovos diskus iš ikrovos disko vaizdu, iskaitant suspaustus","Buat pemacu boleh boot daripada imej cakera boleh boot, termasuk yang dimampatkan","Lag oppstartbare disker fra images, inkludert komprimerte sĺdan","???????? ???? ??? ?? ?? ?????? ???? ???? ???? ?? ???? ????? ?????? ????? ????","Twórz dyski rozruchowe z obrazów dysków, wlaczajac skompresowane","Criar discos inicializáveis a partir de imagens de disco inicializáveis, inclusive de imagens compactadas","Criar unidades inicializáveis a partir de imagens de disco inicializáveis, inclusive de imagens compactadas","Creaza drive-uri de la imagini de disc bootabile, incluzând cele compresate","???????? ??????????? ?????? ?? ??????? ??????????? ??????, ? ??? ????? ??????","Kreiranje disk jedinica za pokretanje sistema sa slika diska koji se može pokretanja, ukljucujuci kompresovane","Vytvorte bootovacie jednotky z diskových obrazov, vrátane tých komprimovaných","Ustvarite zagonske pogone iz slik diska, ki jih je mogoce zagnati, vkljucno s stisnjenimi","Cree unidades de arranque a partir de imágenes de disco de arranque, incluidas las comprimidas","Skapa startbara enheter frĺn startbara diskavbildningar, inklusive komprimerade","???????????????????????????????????? (?????????????????????????????????)","Sikistirilmis olanlar da dahil olmak üzere önyüklenebilir disk yansisindan önyüklenebilir sürücüler olusturun","????????? ???????????????? ????????? ? ???????????????? ???????, ? ???? ????? ?????????","T?o ? dia có th? kh?i d?ng t? các t?p dia có th? kh?i d?ng, bao g?m c? t?p nén"
"Feature5","704","Text","","Create BIOS or UEFI bootable drives, including UEFI bootable NTFS","????? BIOS ?? ?????? ????? UEFI ????? ??????? ? ??? ?? ??? UEFI NTFS ?????? ???????","????????? ?? BIOS ??? UEFI ?????????? ??????????, ??????????? UEFI ????????? NTFS","?? BIOS ? UEFI ??????,?? UEFI ???? NTFS ???","?? BIOS ? UEFI ??????,?? UEFI ?????  NTFS ???","Stvaranje BIOS ili UEFI pogona za pokretanje, ukljucujuci UEFI NTFS za pokretanje","Vytvorte zavádecí jednotky BIOS nebo UEFI, vcetne zavádecích souboru NTFS UEFI","Lav BIOS eller UEFI opstartsbarer drev, inklusiv UEFI opstartsbarer NTFS","BIOS of UEFI opstartbare schijven aanmaken, inclusief UEFI opstartbare NTFS","Luo BIOS- tai UEFI-boottaavia asemia, mukaanlukien UEFI-boottaavat NTFS-asemat","Créez des disques amorçables BIOS ou UEFI, y compris des disques UEFI amorçables utilisant NTFS","Erstellen von BIOS- oder UEFI-bootfähigen Laufwerken, einschließlich UEFI-bootfähigem NTFS","??µ??????ste µ???de? d?s??? µe d??at?t?ta e?????s?? BIOS ? UEFI, s?µpe???aµßa??µ???? NTFS µe d??at?t?ta e?????s?? UEFI","????? ?????? ??????? ?????? ??????? ??????? ??BIOS ?? UEFI, ????? ?????? ??????? ?????? ??UEFI, ???????? ?????? ?????? NTFS","BIOS-ból vagy UEFI-bol bootolható meghajtók készítése, beleértve az UEFI-bol bootolható NTFS meghajtókat is","Buat perangkat BIOS atau UEFI yang dapat di boot, termasuk perangkat NTFS yang dapat di boot oleh UEFI","Crea unitŕ avviabili BIOS o UEFI, incluso NTFS avviabile UEFI","UEFI:NTFS???BIOS??UEFI?????????????????","UEFI ?? ??? NTFS? ???? BIOS ?? UEFI ?? ?? ???? ???","Izveido BIOS vai UEFI ielades ierices, ieskaitot UEFI ieladi no NTFS","Sukurkite BIOS arba UEFI ikrovos diskus, iskaitant UEFI ikrovos NTFS","Buat pemacu boleh boot BIOS atau UEFI, termasuk NTFS boleh boot UEFI","Lag BIOS eller UEFI oppstartbare disker, inkludert UEFI oppstartbar NTFS","???????? ???? ??? ????? ?? UEFI ?? ???? NTFS ???? ??? UEFI ????? ????","Stwórz dysk rozruchowy BIOS lub UEFI, wlaczajac bootowalny dysk UEFI NTFS","Criar discos inicializáveis ??BIOS ou UEFI, inclusive discos UEFI inicializáveis ??usando NTFS","Criar discos inicializáveis ??BIOS ou UEFI, inclusive discos UEFI inicializáveis ??usando NTFS","Creaza discuri bootabile BIOS sau UEFI, incluzând NTFS-uri bootabile de UEFI","???????? ??????????? ?????? BIOS ??? UEFI, ??????? ??????????? UEFI NTFS","Kreiranje BIOS ili UEFI disk jedinica za pokretanje sistema, ukljucujuci NTFS sa UEFI pokretanjem sistema","Vytvorte bootovacie jednotky systému BIOS alebo UEFI vrátane UEFI bootovatelnej jednotky NTFS","Ustvarite zagonske pogone BIOS ali UEFI, vkljucno z UEFI bootable NTFS","Cree unidades de arranque BIOS o UEFI, incluido NTFS de arranque UEFI","Skapa BIOS- eller UEFI-startbara enheter, inklusive UEFI-startbar NTFS","??????????????????????? BIOS ???? UEFI ??? UEFI bootable NTFS","UEFI önyüklenebilir NTFS dahil BIOS ya da UEFI önyüklenebilir sürücüler olusturun","????????? ???????????????? ????????? BIOS ?? UEFI, ????????? ???????????????? UEFI NTFS","T?o ? dia có th? kh?i d?ng v?i h? th?ng BIOS ho?c UEFI, bao g?m c? NTFS có th? kh?i d?ng v?i UEFI"
"Feature6","705","Text","","Create 'Windows To Go' drives","????? ?????? ????? ""Windows To Go\","????????? ?? 'Windows To Go' ??????????","?? 'Windows To Go' ???","?? 'Windows To Go' ???","Stvaranje pogona ""Windows To Go\","Vytvorení jednotek ""Windows To Go","Lav 'Windows To Go' drev","'Windows To Go'-schijven aanmaken","Luo 'Windows To Go' -asemia","Créez des disques 'Windows To Go'","Erstellen von 'Windows To Go'-Laufwerken","??µ??????ste µ???de? d?s??? ""Windows To Go\","????? ????? Windows To Go","'Windows To Go' meghajtók készítése","Buat perangkat Windows To Go","Crea unitŕ 'Windows To Go'","Windows To Go???????????","'Windows To Go' ???? ???","Izveido 'Windows To Go' ierices","Sukurkite ""Windows To Go"" diskus","Buat pemacu 'Windows To Go'","Lag 'Windows To Go' disker","???????? ""Windows To Go"" ?? ????? ????","Stwórz dysk 'Windows To Go'","Criar discos 'Windows To Go'","Criar discos 'Windows To Go'","Creaza discuri 'Windows To Go'","???????? ?????? Windows To Go","Kreiranje disk jedinica ""Windows to Go\","Vytvorte jednotky „Windows To Go\","Ustvarjanje pogonov »Windows To Go'","Cree unidades 'Windows To Go'","Skapa ""Windows To Go""-enheter","????????????? 'Windows To Go'","'Windows To Go' sürücüleri olusturun","????????? ????????? 'Windows To Go'","T?o ? dia 'Windows To Go'"
"Feature7","706","Text","","Create Windows 11 installation drives for PCs that don't have TPM or Secure Boot","?? ?????? ?????? ????? ?????? 11 ?????? ????????? ???? ?? ????? ??? TPM ?? ??????? ????? (Secure Boot)","????????? ?? Windows 11 ????????????? ?????????? ?? ????????, ????? ????? TPM ??? Secure Boot","??? TPM ???????????? Windows 11 ?????","??? TPM ???????????? Windows 11 ?????","Stvaranje instalacijskih pogona sustava Windows 11 za PC-jeve koji nemaju TPM ili Sigurno pokretanje","Vytvorení instalacních jednotek systému Windows 11 pro pocítace bez cipu TPM nebo Secure Boot","Lav Windows 11 installations drev for PCer der ikker har TPM eller Secure Boot","Windows 11 installatieschijven aanmaken voor pc's die geen TPM of Secure Boot hebben","Luo Windows 11 -asennusasemia tietokoneille, jotka eivät tue TPM- tai Secure Boot -ominaisuuksia","Créez des disques d'installation Windows 11 pour des PCs qui ne disposent pas de TPM ou Secure Boot","Erstellen von Windows 11-Installationslaufwerken für PCs ohne TPM oder Secure Boot","??µ??????ste µ???de? e??at?stas?? t?? Windows 11 ??a ?p?????st?? p?? de? d?a??t??? TPM ? ?sfa?? ??????s?","????? ????? ????? ?? Windows 11 ???? ?????? ???? ??? TPM ?? Secure Boot","Windows 11 telepítési meghajtók készítése olyan PC-k számára, amelyek nem rendelkeznek TPM vagy Secure Boot funkciókkal","Buat perangkat pemasang Windows 11 untuk PC yang tidak mempunyai TPM atau Secure Boot","Crea unitŕ di installazione di Windows 11 per PC che non dispongono di TPM o avvio protetto","TPM?????????????PC???Windows 11????????????????","TPM ?? ?? ??? ?? PC? Windows 11 ?? ???? ???","Izveido Windows 11 instalacijas ierices datoriem, kam nav TPM vai Secure Boot","Sukurkite Windows 11 diegimo diskus kompiuteriams, kuriuose nera TPM arba saugaus ikrovimo","Buat pemacu pemasangan Windows 11 untuk PC yang tidak mempunyai TPM atau But Selamat","Lag oppstartsmedia for Windows 11 som ikke krever TPM eller Secure Boot","???????? ??? ?????? 11 ?? ???? ?????? ???? ?? TPM ?? Secure Boot ?????? ????? ????","Twórz dyski instalacyjne systemu Windows 11 dla komputerów, które nie posiadaja modulu TPM ani Secure Boot","Criar discos de instalaçăo do Windows 11 para PCs que năo possuem TPM ou Secure Boot","Criar discos de instalaçăo do Windows 11 para PCs que năo possuem TPM ou Arranque Seguro","Creaza drive de instalare Windows 11 pe computere care nu au TPM sau Bootare Securizata","???????? ???????????? ?????? Windows 11 ??? ??????????? ??? TPM ??? ?????????? ????????","Kreiranje windows 11 instalacionih disk jedinica za racunare koji nemaju TPM ili bezbedno pokretanje sistema","Vytvorte inštalacné jednotky Windows 11 pre pocítace, ktoré nemajú modul TPM, ani Secure Boot","Ustvarjanje namestitvenih pogonov za Windows 11 za racunalnike, ki nimate TPM ali Varnega zagona","Cree unidades de instalación de Windows 11 para PC que no tienen TPM o Arranque seguro","Skapa installationsenheter till Windows 11 för datorer som inte har TPM eller säker start","????????????????? Windows 11 ????????????????????????? TPM ???? Secure Boot","TPM ya da Güvenli Önyüklemeye sahip olmayan bilgisayarlar için Windows 11 kurulum sürücüleri olusturun","????????? ????????????? ?????? Windows 11 ??? ??, ??? ?? ????? TPM ?? Secure Boot","T?o ? dia cŕi d?t Windows 11 cho các máy tính không có TPM ho?c Secure Boot"
"Feature8","707","Text","","Create persistent Linux partitions","????? Persistent Linux partitions","????????? ?? ????????? Linux ??????","???? Linux ??","????? Linux ??","Stvaranje trajnih Linux particija","Vytvorení trvalých oddílu systému Linux","Lav vedvarende Linux adskillelser","Persistent Linux partities aanmaken","Luo pysyviä Linux-osioita","Créez des partitions persistentes pour Linux","Persistente Linux-Partitionen erstellen","??µ??????ste µ???µa d?aµe??sµata Linux","????? ?????? Linux ??????","Tartós Linux partíciók készítése","Buat partisi Linux yang tetap/persistent","Crea partizioni persistenti Linux","???Linux??????????????","?? ??? ??? ???","Izveido pastavigas Linux particijas","Sukurkite nuolatinius Linux skaidinius","Buat partition Linux berterusan","Lag persistente Linux partisjoner","????? ??????? ??? ?????? ?????","Utwórz trwale partycje Linux","Criar partiçőes persistentes para Linux","Crie partiçőes persistentes para Linux","Creaza parti?ie de Linux persistenta","???????? ?????????? ???????? Linux","Kreiranje upornih Linux particija","Vytvorte trvalé oblasti systému Linux","Ustvarjanje trajnih Linux particij","Crear particiones persistentes de Linux","Skapa beständiga Linux-partitioner","????? Linux partition ??? persistent","Kalici Linux bölümleri olusturun","????????? ??????? ?????????? Linux","T?o phân vůng Linux lięn t?c"
"Feature9","708","Text","","Create VHD/DD images of the selected drive","????? ??? VHD / DD ????? ??????? ??????","????????? ?? VHD/DD ?????? ?? ????????? ??????????","????????? VHD/DD ??","????????? VHD/DD ???","Stvaranje VHD/DD slika odabranog pogona","Vytvorení obrazu VHD/DD z vybrané jednotky","Lav VHD/DD billeder af det valgte drev","VHD/DD-images van de geselecteerde schijf aanmaken","Luo VHD/DD-kuvia valitusta asemasta","Créez des images VHD/DD du périphérique sélectionné","VHD/DD-Images des ausgewählten Laufwerks erstellen","??µ??????ste e????e? VHD/DD t?? ep??e?µ???? µ???da? d?s???","????? ????? ????? ???? VHD/DD ?? ????? ?????","VHD/DD képfájl készítése a kiválasztott meghajtóról","Buat image VHD/DD dari penyimpanan yang dipilih","Crea immagini VHD/DD dell'unitŕ selezionata","??????????VHD/DD???????????","??? ????? VHD/DD ??? ???","Izveido izveleta diska VHD/DD virtualos attelus","Sukurkite pasirinkto disko VHD / DD vaizdus","Buat imej VHD/DD bagi pemacu yang dipilih","Lag VHD/DD speilinger av valgt disk","?????? VHD/DD ?? ????? ?????? ??? ????? ????","Stwórz obraz VHD/DD z wybranego dysku","Criar imagens VHD/DD do dispositivo selecionado","Criar imagens VHD/DD do dispositivo selecionado","Creaza imagini VHD/DD de pe drive-ul selectat","???????? ??????? VHD/DD ?????????? ?????","Kreiranje VHD/DD slika izabrane disk jedinice","Vytvorte obrazy VHD/DD z vybratej jednotky","Ustvarjanje VHD/DD slik izbranega pogona","Cree imágenes VHD/DD de la unidad seleccionada","Skapa VHD/DD-avbilder av den valda enheten","?????????????????? VHD/DD ????????????????","Seçilen sürücünün VHD/DD yansilarini olusturun","????????? ??????? VHD/DD ? ???????? ??????","T?o t?p VHD/DD t? ? dia dă ch?n"
"Feature10","709","Text","","Compute MD5, SHA-1, SHA-256 and SHA-512 checksums of the selected image","???? ???????? ?????????? MD5 ? SHA-1 ? SHA-256 ? SHA-512 ?????? ???????","??????????? ?? MD5, SHA-1, SHA-256 ? SHA-512 ??????? ?? ????????? ?????","???????? MD5?SHA-1?SHA-256 ? SHA-512 ???","???????? MD5?SHA-1?SHA-256 ? SHA-512 ???","Izracunajte kontrolne zbrojeve odabrane slike MD5, SHA-1, SHA-256 i SHA-512","Výpocet kontrolních souctu MD5, SHA-1, SHA-256 a SHA-512 vybraného obrazu","Beregn MD5, SHA-1, SHA-256 og SHA-512 checksums af det valgte billede","MD5, SHA-1, SHA-256 en SHA-512 controlesommen berekenen van de geselecteerde image","Laske MD5, SHA-1, SHA-256 ja SHA-512 tarkistussummia valitusta levykuvasta","Calculez les sommes de contrôle MD5, SHA-1, SHA-256 et SHA-512 de l'image sélectionnée","Berechnung von MD5-, SHA-1-, SHA-256- und SHA-512-Prüfsummen für das ausgewählte Image","?p?????ste ta a????sµata e?????? MD5, SHA-1, SHA-256 ?a? SHA-512 t?? ep??e?µ???? e????a?","????? ?????? ?????? ???? MD5,? SHA-1,? SHA-256 ??SHA-512 ?? ???? ?????? ??????","A kiválasztott képfájl MD5, SHA-1, SHA-256 és SHA-512 ellenorzo összegének kiszámítása","Hitung checksum MD5, SHA-1, SHA-256 dan SHA-512 dari image yang dipilih","Calcola i checksum MD5, SHA-1, SHA-256 e SHA-512 dell'immagine selezionata","??????????MD5?SHA-1?SHA-256??SHA-512?????????????","??? ???? MD5, SHA-1, SHA-256 ? SHA-512 ??? ??","Izskaitlo izveleta virtuala attela MD5, SHA-1, SHA-256 un SHA-512 kontrolsummas","Apskaiciuokite pasirinkto vaizdo MD5, SHA-1, SHA-256 ir SHA-512 kontrolines sumas","Kira MD5, SHA-1, SHA-256 dan SHA-512 checksum imej yang dipilih","Kalkuler MD5, SHA-1, SHA-256 og SHA-512 sjekksummer fra valgt speiling","MD5? SHA-1? SHA-256 ? SHA-512 ?? ???? ????? ??????? ?????? ????","Oblicz sumy kontrolne MD5, SHA-1, SHA-256 i SHA-512 dla wybranego obrazu","Calcular somas de verificaçăo MD5, SHA-1, SHA-256 e SHA-512 da imagem selecionada","Calcular checksums MD5, SHA-1, SHA-256 e SHA-512 da imagem selecionada","Computa MD5, SHA-1, SHA-256 ?i SHA-512 suma de control ale imaginilor selectate","?????????? ??????????? ???? MD5, SHA-1, SHA-256 ? SHA-512 ?????????? ??????","Izracunajte MD5, SHA-1, SHA-256 i SHA-512 kontrolne preglede izabrane slike","Vypocítajte kontrolné súcty vybratého obrazu (MD5, SHA-1, SHA-256 a SHA-512)","Racun MD5, SHA-1, SHA-256 in SHA-512 kontrolni vsoti izbrane slike","Calcule las sumas de comprobación MD5, SHA-1, SHA-256 y SHA-512 de la imagen seleccionada","Beräkna kontrollsummor MD5, SHA-1, SHA-256 och SHA-512 för den valda avbilden","????????? MD5, SHA-1, SHA-256, SHA-512 ?????????????????????","Seçilen yansinin MD5, SHA-1, SHA-256 ve SHA-512 saglama toplamlarini hesaplayin","?????????? ??????????? ??? MD5, SHA-1, SHA-256 ?? SHA-512 ??? ???????? ???????","Tính t?ng ki?m MD5, SHA-1, SHA-256 vŕ SHA-512 c?a t?p dă ch?n"
"Feature11","710","Text","","Perform bad blocks checks, including detection of ""fake"" flash drives","????? ?????? ??? ????? ? ??? ?? ??? ????? ?? ?????? ????? ???? ""?????\","??????????? ?? ???? ???????, ??????????? ???????? ?? ""???????"" ??????????","??????,???”?“U????","??????,??? ”?“ USB ????
???","Izvršite provjere loših blokova, ukljucujuci otkrivanje ""lažnih"" flash pogona","Provést kontrolu vadných bloku, vcetne detekce ""falešných"" bloku. flash disky","Udřv dĺrlige blokke tjeks, inklusiv opdagelse af ""falske"" flashdrev","Controles uitvoeren op slechte blokken, inclusief detectie van ""valse"" flashdrives","Suorita viallisten lohkojen tarkistuksia, sisältäen ""valheellisten"" muistitikkujen tunnistamisen","Executez un test de mauvais secteurs avec detection des ""fake drives\","Durchführung von Prüfungen auf fehlerhafte Blöcke, einschließlich der Erkennung von ""gefälschten"" Flash-Laufwerken","??te??ste e??????? esfa?µ???? block, s?µpe???aµßa??µ???? t?? e?t?p?sµ?? ""?e?d??"" µ???d?? flash","????? ?????? ??? ?????? (??????) ??????, ???? ????? ?? ????? ???? ""????????\","Hibás blokkok ellenorzése, beleértve a ""hamis"" flash meghajtók detektálását","Lakukan cek Blok yang buruk, termasuk deteksi USB Flash Disk ""PALSU\","Esegui controlli dei blocchi danneggiati, incluso il rilevamento di unitŕ flash ""false\","?????????????????????????????","""??"" ??? ???? ??? ???? ?? ?? ?? ??","Izpilda bojato bloku parbaudi ieskaitot ""falsificeto"" neseju noteikšanu","Atlikite blogu bloku patikrinimus, iskaitant ""netikru"" flash disku aptikima","Melakukan pemeriksaan blok buruk, termasuk pengesanan pemacu kilat ""palsu\","Utfřr sjekk for dĺrlige sektorer, inkludert sjekk for forfalskede flash disker","????? ???? ??? ??? ?? ???? ????? ???????? ??? ""????"" ?? ????? ????","Sprawdz dysk pod wzgledem spójnosci danych lub wykryj ""nieoryginalny"" pendrive","Executar verificaçőes de blocos defeituosos, incluindo detecçăo de unidades flash ""falsificadas\","Executar verificaçőes de blocos inválidos, incluindo a deteçăo de unidades flash ""falsas\","Verifica blocuri rele, incluzând detectarea de drive-uri flash ""false\","???????? ?? ?????? ?????, ??????????? ""??????????"" ??????","Izvršite provere loših blokova, ukljucujuci otkrivanje ""lažnih"" fleš diskova","Vykonajte kontroly zlých blokov vrátane detekcie „falošných"" prenosných diskov","Izvajanje preverjanj slabih blokov, vkljucno z odkrivanjem »lažnih« bliskavic","Realice comprobaciones de bloques defectuosos, incluida la detección de unidades flash ""falsas\","Utför kontroll av trasiga block, inklusive upptäckt av ""falska"" USB-minnen","????????????????? ???????????????????????????????? ""???????"" ???????","""Sahte"" flash sürücülerin tespiti de dahil olmak üzere hatali blok kontrolleri gerçeklestirin","????????? ?????? (????????? ???????? ?????)","Th?c hi?n ki?m tra di?m l?i, bao g?m phát hi?n ? dia ""gi?\"
"Feature12","711","Text","","Download official Microsoft Windows retail ISOs","?? ?????? ????? ISO ??????? ?????? ?? Microsoft Windows","????????? ?? ????????? Microsoft Windows ISO ??????","?????? Windows ??","?????? Windows ???","Preuzimanje službenih ISO-ova za maloprodaju sustava Microsoft Windows","Stažení oficiálních souboru ISO systému Microsoft Windows","Hent officielle Microsoft Windows detail ISOer","Officiële Microsoft Windows retail ISO's downloaden","Lataa virallisia Microsoft Windowsin jälleenmyyntiversion ISO-levykuvia","Téléchargez des images ISOs commerciales officielles de Microsoft Windows","Offizielle Microsoft Windows-ISOs herunterladen","?ateß?ste ta ep?s?µa retail ISO t?? Microsoft Windows","????? ????? ??ISO ?????????? ??????? ?? Microsoft Windows","Hivatalos Microsoft Windows kiskereskedelmi ISO képfájlok letöltése","Unduh ISO Microsoft Windows resmi","Scarica le ISO ufficiali di Microsoft Windows","??????????Windows ISO???????????","?? Microsoft Windows ??? ISO ????","Lejupielade oficialos Microsoft ISO failus","Atsisiuskite oficialius Microsoft Windows mažmenines prekybos ISO","Muat turun rasmi ISO runcit Microsoft Windows","Last ned offisielle Windows ISOer","ISO ??? ???? ????????? ?? ?????? ????","Pobierz oficjalny obraz ISO systemu Microsoft Windows","Baixar ISOs oficiais do Microsoft Windows","Descarregar ISOs oficiais do Microsoft Windows Retail","Descarca un Microsoft Windows ISO oficial de vânzare","???????? ??????????? ISO-??????? Windows","Preuzmite zvanicne Microsoft Windows maloprodajne ISO-ove","Stiahnite si oficiálne ISO pre Microsoft Windows","Prenos uradnih Microsoft Windows maloprodaja ISOs","Descargue los ISO oficiales de Microsoft Windows","Ladda ner officiella Microsoft Windows ISO-filer","????????????? ISO ??? Microsoft Windows ???????????????????? Microsoft","Resmi Microsoft Windows Retail ISO'larini indirin","???????????? ????????? ??????? Microsoft Windows","T?i xu?ng các t?p Microsoft Windows ISO bán l? chính th?c"
"Feature13","712","Text","","Download UEFI Shell ISOs","?? ?????? UEFI Shell ISOs","????????? ?? UEFI Shell ??????","?? UEFI Shell ??","?? UEFI Shell ???","Preuzmite ISO-ove UEFI ljuske","Stažení souboru UEFI Shell ISO","Hent UEFI Shell ISOer","UEFI Shell ISO's downloaden","Lataa UEFI Shell ISO-levykuvia","Téléchargez des images ISOs du Shell UEFI","UEFI-Shell-ISOs herunterladen","?ateß?ste ta ISO Shell UEFI","????? ????? ISO ?? ????? UEFI","UEFI Shell ISO képfájlok letöltése","Unduh Shell ISO UEFI","Scarica le ISO della shell UEFI","UEFI????ISO???????????","UEFI Shell ISO ????","Lejupielade UEFI OS ISO failus","Atsisiuskite UEFI Shell ISO","Muat turun ISO Shell UEFI","Last ned UEFI kommandolinje ISOer","ISO ??? ????? UEFI ?? ?????? ????","Sciagnij obrazy ISO UEFI Shell","Baixar ISOs do Shell UEFI","Descarregar ISOs de UEFI Shell","Descarca UEFI Shell ISO-uri","???????? ISO-??????? ???????? UEFI","Preuzmite UEFI Shell ISOs","Stiahnite UEFI Shell ISO","Prenos UEFI Shell ISOs","Descargar ISO de UEFI Shell","Ladda ner UEFI-skal ISO-filer","????????????? ISO ??? UEFI Shell","UEFI Shell ISO'larini indirin","???????????? ????????? ???????? UEFI ISO","T?i xu?ng các t?p UEFI Shell ISO"
"Feature14","713","Text","",,,,,,,,,,,,,,,,,,,,,,,,,,,,,,,,,,,,,,
"Feature15","714","Text","",,,,,,,,,,,,,,,,,,,,,,,,,,,,,,,,,,,,,,
"Feature16","715","Text","",,,,,,,,,,,,,,,,,,,,,,,,,,,,,,,,,,,,,,
"Feature17","716","Text","",,,,,,,,,,,,,,,,,,,,,,,,,,,,,,,,,,,,,,
"Feature18","717","Text","",,,,,,,,,,,,,,,,,,,,,,,,,,,,,,,,,,,,,,
"Feature19","718","Text","",,,,,,,,,,,,,,,,,,,,,,,,,,,,,,,,,,,,,,
"Feature20","719","Text","",,,,,,,,,,,,,,,,,,,,,,,,,,,,,,,,,,,,,,
"MinimumHardwareReq1","800","Text","",,,,,,,,,,,,,,,,,,,,,,,,,,,,,,,,,,,,,,
"MinimumHardwareReq2","801","Text","",,,,,,,,,,,,,,,,,,,,,,,,,,,,,,,,,,,,,,
"MinimumHardwareReq3","802","Text","",,,,,,,,,,,,,,,,,,,,,,,,,,,,,,,,,,,,,,
"MinimumHardwareReq4","803","Text","",,,,,,,,,,,,,,,,,,,,,,,,,,,,,,,,,,,,,,
"MinimumHardwareReq5","804","Text","",,,,,,,,,,,,,,,,,,,,,,,,,,,,,,,,,,,,,,
"MinimumHardwareReq6","805","Text","",,,,,,,,,,,,,,,,,,,,,,,,,,,,,,,,,,,,,,
"MinimumHardwareReq7","806","Text","",,,,,,,,,,,,,,,,,,,,,,,,,,,,,,,,,,,,,,
"MinimumHardwareReq8","807","Text","",,,,,,,,,,,,,,,,,,,,,,,,,,,,,,,,,,,,,,
"MinimumHardwareReq9","808","Text","",,,,,,,,,,,,,,,,,,,,,,,,,,,,,,,,,,,,,,
"MinimumHardwareReq10","809","Text","",,,,,,,,,,,,,,,,,,,,,,,,,,,,,,,,,,,,,,
"MinimumHardwareReq11","810","Text","",,,,,,,,,,,,,,,,,,,,,,,,,,,,,,,,,,,,,,
"RecommendedHardwareReq1","850","Text","",,,,,,,,,,,,,,,,,,,,,,,,,,,,,,,,,,,,,,
"RecommendedHardwareReq2","851","Text","",,,,,,,,,,,,,,,,,,,,,,,,,,,,,,,,,,,,,,
"RecommendedHardwareReq3","852","Text","",,,,,,,,,,,,,,,,,,,,,,,,,,,,,,,,,,,,,,
"RecommendedHardwareReq4","853","Text","",,,,,,,,,,,,,,,,,,,,,,,,,,,,,,,,,,,,,,
"RecommendedHardwareReq5","854","Text","",,,,,,,,,,,,,,,,,,,,,,,,,,,,,,,,,,,,,,
"RecommendedHardwareReq6","855","Text","",,,,,,,,,,,,,,,,,,,,,,,,,,,,,,,,,,,,,,
"RecommendedHardwareReq7","856","Text","",,,,,,,,,,,,,,,,,,,,,,,,,,,,,,,,,,,,,,
"RecommendedHardwareReq8","857","Text","",,,,,,,,,,,,,,,,,,,,,,,,,,,,,,,,,,,,,,
"RecommendedHardwareReq9","858","Text","",,,,,,,,,,,,,,,,,,,,,,,,,,,,,,,,,,,,,,
"RecommendedHardwareReq10","859","Text","",,,,,,,,,,,,,,,,,,,,,,,,,,,,,,,,,,,,,,
"RecommendedHardwareReq11","860","Text","",,,,,,,,,,,,,,,,,,,,,,,,,,,,,,,,,,,,,,
"SearchTerm1","900","Text","Boot","Boot","??????? (Boot)","","??","??","","","","Opstarten","Boottaus","Amorçable","","","???","","","Avvio","??","??","Ielade","Batas","","Oppstart","??????????","","Inicializaçăo","Arranque","","???????????","","boot","Zagon","Arranque","Uppstart","","Önyükle","????????","Kh?i d?ng"
"SearchTerm2","901","Text","USB",,,,,,,,,,,,,,,,,,,,,,,,,,,,,,,,,,,,,,
"SearchTerm3","902","Text","ISO",,,,,,,,,,,,,,,,,,,,,,,,,,,,,,,,,,,,,,
"SearchTerm4","903","Text","Windows",,,,,,,,,,,,,,,,,,,,,,,,,,,,,,,,,,,,,,
"SearchTerm5","904","Text","Linux",,,,,,,,,,,,,,,,,,,,,,,,,,,,,,,,,,,,,,
"SearchTerm6","905","Text","UEFI",,,,,,,,,,,,,,,,,,,,,,,,,,,,,,,,,,,,,,
"SearchTerm7","906","Text","Windows To Go",,,,,,,,,,,,,,,,,,,,,,,,,,,,,,,,,,,,,,
"TrailerToPlayAtTopOfListing","999","Relative path (or URL to file in Partner Center)","",,,,,,,,,,,,,,,,,,,,,,,,,,,,,,,,,,,,,,
"Trailer1","1000","Relative path (or URL to file in Partner Center)","",,,,,,,,,,,,,,,,,,,,,,,,,,,,,,,,,,,,,,
"Trailer2","1001","Relative path (or URL to file in Partner Center)","",,,,,,,,,,,,,,,,,,,,,,,,,,,,,,,,,,,,,,
"Trailer3","1002","Relative path (or URL to file in Partner Center)","",,,,,,,,,,,,,,,,,,,,,,,,,,,,,,,,,,,,,,
"Trailer4","1003","Relative path (or URL to file in Partner Center)","",,,,,,,,,,,,,,,,,,,,,,,,,,,,,,,,,,,,,,
"Trailer5","1004","Relative path (or URL to file in Partner Center)","",,,,,,,,,,,,,,,,,,,,,,,,,,,,,,,,,,,,,,
"Trailer6","1005","Relative path (or URL to file in Partner Center)","",,,,,,,,,,,,,,,,,,,,,,,,,,,,,,,,,,,,,,
"Trailer7","1006","Relative path (or URL to file in Partner Center)","",,,,,,,,,,,,,,,,,,,,,,,,,,,,,,,,,,,,,,
"Trailer8","1007","Relative path (or URL to file in Partner Center)","",,,,,,,,,,,,,,,,,,,,,,,,,,,,,,,,,,,,,,
"Trailer9","1008","Relative path (or URL to file in Partner Center)","",,,,,,,,,,,,,,,,,,,,,,,,,,,,,,,,,,,,,,
"Trailer10","1009","Relative path (or URL to file in Partner Center)","",,,,,,,,,,,,,,,,,,,,,,,,,,,,,,,,,,,,,,
"Trailer11","1010","Relative path (or URL to file in Partner Center)","",,,,,,,,,,,,,,,,,,,,,,,,,,,,,,,,,,,,,,
"Trailer12","1011","Relative path (or URL to file in Partner Center)","",,,,,,,,,,,,,,,,,,,,,,,,,,,,,,,,,,,,,,
"Trailer13","1012","Relative path (or URL to file in Partner Center)","",,,,,,,,,,,,,,,,,,,,,,,,,,,,,,,,,,,,,,
"Trailer14","1013","Relative path (or URL to file in Partner Center)","",,,,,,,,,,,,,,,,,,,,,,,,,,,,,,,,,,,,,,
"Trailer15","1014","Relative path (or URL to file in Partner Center)","",,,,,,,,,,,,,,,,,,,,,,,,,,,,,,,,,,,,,,
"TrailerTitle1","1020","Text","",,,,,,,,,,,,,,,,,,,,,,,,,,,,,,,,,,,,,,
"TrailerTitle2","1021","Text","",,,,,,,,,,,,,,,,,,,,,,,,,,,,,,,,,,,,,,
"TrailerTitle3","1022","Text","",,,,,,,,,,,,,,,,,,,,,,,,,,,,,,,,,,,,,,
"TrailerTitle4","1023","Text","",,,,,,,,,,,,,,,,,,,,,,,,,,,,,,,,,,,,,,
"TrailerTitle5","1024","Text","",,,,,,,,,,,,,,,,,,,,,,,,,,,,,,,,,,,,,,
"TrailerTitle6","1025","Text","",,,,,,,,,,,,,,,,,,,,,,,,,,,,,,,,,,,,,,
"TrailerTitle7","1026","Text","",,,,,,,,,,,,,,,,,,,,,,,,,,,,,,,,,,,,,,
"TrailerTitle8","1027","Text","",,,,,,,,,,,,,,,,,,,,,,,,,,,,,,,,,,,,,,
"TrailerTitle9","1028","Text","",,,,,,,,,,,,,,,,,,,,,,,,,,,,,,,,,,,,,,
"TrailerTitle10","1029","Text","",,,,,,,,,,,,,,,,,,,,,,,,,,,,,,,,,,,,,,
"TrailerTitle11","1030","Text","",,,,,,,,,,,,,,,,,,,,,,,,,,,,,,,,,,,,,,
"TrailerTitle12","1031","Text","",,,,,,,,,,,,,,,,,,,,,,,,,,,,,,,,,,,,,,
"TrailerTitle13","1032","Text","",,,,,,,,,,,,,,,,,,,,,,,,,,,,,,,,,,,,,,
"TrailerTitle14","1033","Text","",,,,,,,,,,,,,,,,,,,,,,,,,,,,,,,,,,,,,,
"TrailerTitle15","1034","Text","",,,,,,,,,,,,,,,,,,,,,,,,,,,,,,,,,,,,,,
"TrailerThumbnail1","1040","Relative path (or URL to file in Partner Center)","",,,,,,,,,,,,,,,,,,,,,,,,,,,,,,,,,,,,,,
"TrailerThumbnail2","1041","Relative path (or URL to file in Partner Center)","",,,,,,,,,,,,,,,,,,,,,,,,,,,,,,,,,,,,,,
"TrailerThumbnail3","1042","Relative path (or URL to file in Partner Center)","",,,,,,,,,,,,,,,,,,,,,,,,,,,,,,,,,,,,,,
"TrailerThumbnail4","1043","Relative path (or URL to file in Partner Center)","",,,,,,,,,,,,,,,,,,,,,,,,,,,,,,,,,,,,,,
"TrailerThumbnail5","1044","Relative path (or URL to file in Partner Center)","",,,,,,,,,,,,,,,,,,,,,,,,,,,,,,,,,,,,,,
"TrailerThumbnail6","1045","Relative path (or URL to file in Partner Center)","",,,,,,,,,,,,,,,,,,,,,,,,,,,,,,,,,,,,,,
"TrailerThumbnail7","1046","Relative path (or URL to file in Partner Center)","",,,,,,,,,,,,,,,,,,,,,,,,,,,,,,,,,,,,,,
"TrailerThumbnail8","1047","Relative path (or URL to file in Partner Center)","",,,,,,,,,,,,,,,,,,,,,,,,,,,,,,,,,,,,,,
"TrailerThumbnail9","1048","Relative path (or URL to file in Partner Center)","",,,,,,,,,,,,,,,,,,,,,,,,,,,,,,,,,,,,,,
"TrailerThumbnail10","1049","Relative path (or URL to file in Partner Center)","",,,,,,,,,,,,,,,,,,,,,,,,,,,,,,,,,,,,,,
"TrailerThumbnail11","1050","Relative path (or URL to file in Partner Center)","",,,,,,,,,,,,,,,,,,,,,,,,,,,,,,,,,,,,,,
"TrailerThumbnail12","1051","Relative path (or URL to file in Partner Center)","",,,,,,,,,,,,,,,,,,,,,,,,,,,,,,,,,,,,,,
"TrailerThumbnail13","1052","Relative path (or URL to file in Partner Center)","",,,,,,,,,,,,,,,,,,,,,,,,,,,,,,,,,,,,,,
"TrailerThumbnail14","1053","Relative path (or URL to file in Partner Center)","",,,,,,,,,,,,,,,,,,,,,,,,,,,,,,,,,,,,,,
"TrailerThumbnail15","1054","Relative path (or URL to file in Partner Center)","",,,,,,,,,,,,,,,,,,,,,,,,,,,,,,,,,,,,,,
